<sun.reflect.annotation.AnnotationInvocationHandler: void readObject(java.io.ObjectInputStream)> -> <sun.reflect.annotation.AnnotationInvocationHandler: java.lang.Object invoke(java.lang.Object,java.lang.reflect.Method,java.lang.Object[])>	<sun.reflect.annotation.AnnotationInvocationHandler: void readObject(java.io.ObjectInputStream)>	<sun.reflect.annotation.AnnotationInvocationHandler: void readObject(java.io.ObjectInputStream)>
<sun.reflect.annotation.AnnotationInvocationHandler: void readObject(java.io.ObjectInputStream)> -> <sun.reflect.annotation.AnnotationInvocationHandler: java.lang.Object invoke(java.lang.Object,java.lang.reflect.Method,java.lang.Object[])>	<sun.reflect.annotation.AnnotationInvocationHandler: void readObject(java.io.ObjectInputStream)>	<java.util.HashMap: java.lang.Object get(java.lang.Object)>
<sun.reflect.annotation.AnnotationInvocationHandler: void readObject(java.io.ObjectInputStream)> -> <sun.reflect.annotation.AnnotationInvocationHandler: java.lang.Object invoke(java.lang.Object,java.lang.reflect.Method,java.lang.Object[])>	<sun.reflect.annotation.AnnotationInvocationHandler: void readObject(java.io.ObjectInputStream)>	<java.util.HashMap: java.lang.Object put(java.lang.Object,java.lang.Object)>
<sun.reflect.annotation.AnnotationInvocationHandler: void readObject(java.io.ObjectInputStream)> -> <sun.reflect.annotation.AnnotationInvocationHandler: java.lang.Object invoke(java.lang.Object,java.lang.reflect.Method,java.lang.Object[])>	<sun.reflect.annotation.AnnotationInvocationHandler: void readObject(java.io.ObjectInputStream)>	<java.util.SubList$1: java.lang.Object next()>
<sun.reflect.annotation.AnnotationInvocationHandler: void readObject(java.io.ObjectInputStream)> -> <sun.reflect.annotation.AnnotationInvocationHandler: java.lang.Object invoke(java.lang.Object,java.lang.reflect.Method,java.lang.Object[])>	<sun.reflect.annotation.AnnotationInvocationHandler: void readObject(java.io.ObjectInputStream)>	<java.util.Collections$UnmodifiableCollection$1: java.lang.Object next()>
<sun.reflect.annotation.AnnotationInvocationHandler: void readObject(java.io.ObjectInputStream)> -> <sun.reflect.annotation.AnnotationInvocationHandler: java.lang.Object invoke(java.lang.Object,java.lang.reflect.Method,java.lang.Object[])>	<sun.reflect.annotation.AnnotationInvocationHandler: void readObject(java.io.ObjectInputStream)>	<java.util.PrimitiveIterator$OfInt: java.lang.Object next()>
<sun.reflect.annotation.AnnotationInvocationHandler: void readObject(java.io.ObjectInputStream)> -> <sun.reflect.annotation.AnnotationInvocationHandler: java.lang.Object invoke(java.lang.Object,java.lang.reflect.Method,java.lang.Object[])>	<sun.reflect.annotation.AnnotationInvocationHandler: void readObject(java.io.ObjectInputStream)>	<java.util.Collections$UnmodifiableList$1: java.lang.Object next()>
<sun.reflect.annotation.AnnotationInvocationHandler: void readObject(java.io.ObjectInputStream)> -> <sun.reflect.annotation.AnnotationInvocationHandler: java.lang.Object invoke(java.lang.Object,java.lang.reflect.Method,java.lang.Object[])>	<sun.reflect.annotation.AnnotationInvocationHandler: void readObject(java.io.ObjectInputStream)>	<java.util.Collections$UnmodifiableMap$UnmodifiableEntrySet$1: java.lang.Object next()>
<sun.reflect.annotation.AnnotationInvocationHandler: void readObject(java.io.ObjectInputStream)> -> <sun.reflect.annotation.AnnotationInvocationHandler: java.lang.Object invoke(java.lang.Object,java.lang.reflect.Method,java.lang.Object[])>	<sun.reflect.annotation.AnnotationInvocationHandler: void readObject(java.io.ObjectInputStream)>	<java.util.AbstractList$Itr: java.lang.Object next()>
<sun.reflect.annotation.AnnotationInvocationHandler: void readObject(java.io.ObjectInputStream)> -> <sun.reflect.annotation.AnnotationInvocationHandler: java.lang.Object invoke(java.lang.Object,java.lang.reflect.Method,java.lang.Object[])>	<sun.reflect.annotation.AnnotationInvocationHandler: void readObject(java.io.ObjectInputStream)>	<com.google.common.collect.AbstractMapBasedMultimap$WrappedCollection$WrappedIterator: java.lang.Object next()>
<sun.reflect.annotation.AnnotationInvocationHandler: void readObject(java.io.ObjectInputStream)> -> <sun.reflect.annotation.AnnotationInvocationHandler: java.lang.Object invoke(java.lang.Object,java.lang.reflect.Method,java.lang.Object[])>	<sun.reflect.annotation.AnnotationInvocationHandler: void readObject(java.io.ObjectInputStream)>	<java.util.jar.Attributes: java.lang.Object get(java.lang.Object)>
<sun.reflect.annotation.AnnotationInvocationHandler: void readObject(java.io.ObjectInputStream)> -> <sun.reflect.annotation.AnnotationInvocationHandler: java.lang.Object invoke(java.lang.Object,java.lang.reflect.Method,java.lang.Object[])>	<sun.reflect.annotation.AnnotationInvocationHandler: void readObject(java.io.ObjectInputStream)>	<java.util.concurrent.ConcurrentHashMap: java.lang.Object get(java.lang.Object)>
<sun.reflect.annotation.AnnotationInvocationHandler: void readObject(java.io.ObjectInputStream)> -> <sun.reflect.annotation.AnnotationInvocationHandler: java.lang.Object invoke(java.lang.Object,java.lang.reflect.Method,java.lang.Object[])>	<sun.reflect.annotation.AnnotationInvocationHandler: void readObject(java.io.ObjectInputStream)>	<java.util.Hashtable: java.lang.Object get(java.lang.Object)>
<sun.reflect.annotation.AnnotationInvocationHandler: void readObject(java.io.ObjectInputStream)> -> <sun.reflect.annotation.AnnotationInvocationHandler: java.lang.Object invoke(java.lang.Object,java.lang.reflect.Method,java.lang.Object[])>	<sun.reflect.annotation.AnnotationInvocationHandler: void readObject(java.io.ObjectInputStream)>	<java.util.LinkedHashMap: java.lang.Object get(java.lang.Object)>
<sun.reflect.annotation.AnnotationInvocationHandler: void readObject(java.io.ObjectInputStream)> -> <sun.reflect.annotation.AnnotationInvocationHandler: java.lang.Object invoke(java.lang.Object,java.lang.reflect.Method,java.lang.Object[])>	<sun.reflect.annotation.AnnotationInvocationHandler: void readObject(java.io.ObjectInputStream)>	<java.util.TreeMap: java.lang.Object get(java.lang.Object)>
<sun.reflect.annotation.AnnotationInvocationHandler: void readObject(java.io.ObjectInputStream)> -> <sun.reflect.annotation.AnnotationInvocationHandler: java.lang.Object invoke(java.lang.Object,java.lang.reflect.Method,java.lang.Object[])>	<sun.reflect.annotation.AnnotationInvocationHandler: void readObject(java.io.ObjectInputStream)>	<java.util.Collections$SynchronizedMap: java.lang.Object get(java.lang.Object)>
<sun.reflect.annotation.AnnotationInvocationHandler: void readObject(java.io.ObjectInputStream)> -> <sun.reflect.annotation.AnnotationInvocationHandler: java.lang.Object invoke(java.lang.Object,java.lang.reflect.Method,java.lang.Object[])>	<sun.reflect.annotation.AnnotationInvocationHandler: void readObject(java.io.ObjectInputStream)>	<java.util.WeakHashMap: java.lang.Object get(java.lang.Object)>
<sun.reflect.annotation.AnnotationInvocationHandler: void readObject(java.io.ObjectInputStream)> -> <sun.reflect.annotation.AnnotationInvocationHandler: java.lang.Object invoke(java.lang.Object,java.lang.reflect.Method,java.lang.Object[])>	<sun.reflect.annotation.AnnotationInvocationHandler: void readObject(java.io.ObjectInputStream)>	<sun.reflect.annotation.AnnotationType: sun.reflect.annotation.AnnotationType getInstance(java.lang.Class)>
<sun.reflect.annotation.AnnotationInvocationHandler: void readObject(java.io.ObjectInputStream)> -> <sun.reflect.annotation.AnnotationInvocationHandler: java.lang.Object invoke(java.lang.Object,java.lang.reflect.Method,java.lang.Object[])>	<sun.reflect.annotation.AnnotationInvocationHandler: void readObject(java.io.ObjectInputStream)>	<java.text.AttributedString$AttributeMap: java.lang.Object get(java.lang.Object)>
<sun.reflect.annotation.AnnotationInvocationHandler: void readObject(java.io.ObjectInputStream)> -> <sun.reflect.annotation.AnnotationInvocationHandler: java.lang.Object invoke(java.lang.Object,java.lang.reflect.Method,java.lang.Object[])>	<sun.reflect.annotation.AnnotationInvocationHandler: void readObject(java.io.ObjectInputStream)>	<java.io.ObjectInputStream$GetFieldImpl: java.lang.Object get(java.lang.String,java.lang.Object)>
<sun.reflect.annotation.AnnotationInvocationHandler: void readObject(java.io.ObjectInputStream)> -> <sun.reflect.annotation.AnnotationInvocationHandler: java.lang.Object invoke(java.lang.Object,java.lang.reflect.Method,java.lang.Object[])>	<sun.reflect.annotation.AnnotationInvocationHandler: void readObject(java.io.ObjectInputStream)>	<java.util.AbstractMap: java.lang.Object get(java.lang.Object)>
<sun.reflect.annotation.AnnotationInvocationHandler: void readObject(java.io.ObjectInputStream)> -> <sun.reflect.annotation.AnnotationInvocationHandler: java.lang.Object invoke(java.lang.Object,java.lang.reflect.Method,java.lang.Object[])>	<sun.reflect.annotation.AnnotationInvocationHandler: void readObject(java.io.ObjectInputStream)>	<java.security.Provider: java.lang.Object get(java.lang.Object)>
<sun.reflect.annotation.AnnotationInvocationHandler: void readObject(java.io.ObjectInputStream)> -> <sun.reflect.annotation.AnnotationInvocationHandler: java.lang.Object invoke(java.lang.Object,java.lang.reflect.Method,java.lang.Object[])>	<sun.reflect.annotation.AnnotationInvocationHandler: void readObject(java.io.ObjectInputStream)>	<java.text.AttributedString$AttributeMap: java.util.Set entrySet()>
<sun.reflect.annotation.AnnotationInvocationHandler: void readObject(java.io.ObjectInputStream)> -> <sun.reflect.annotation.AnnotationInvocationHandler: java.lang.Object invoke(java.lang.Object,java.lang.reflect.Method,java.lang.Object[])>	<sun.reflect.annotation.AnnotationInvocationHandler: void readObject(java.io.ObjectInputStream)>	<java.io.ObjectInputStream: java.io.ObjectInputStream$GetField readFields()>
<sun.reflect.annotation.AnnotationInvocationHandler: void readObject(java.io.ObjectInputStream)> -> <sun.reflect.annotation.AnnotationInvocationHandler: java.lang.Object invoke(java.lang.Object,java.lang.reflect.Method,java.lang.Object[])>	<sun.reflect.annotation.AnnotationInvocationHandler: void readObject(java.io.ObjectInputStream)>	<sun.font.AttributeMap: java.util.Set entrySet()>
<sun.reflect.annotation.AnnotationInvocationHandler: void readObject(java.io.ObjectInputStream)> -> <java.lang.Class: java.lang.reflect.Method getMethod(java.lang.String,java.lang.Class[])>	<sun.reflect.annotation.AnnotationInvocationHandler: void readObject(java.io.ObjectInputStream)>	<sun.reflect.annotation.AnnotationInvocationHandler: void readObject(java.io.ObjectInputStream)>
<sun.reflect.annotation.AnnotationInvocationHandler: void readObject(java.io.ObjectInputStream)> -> <java.lang.Class: java.lang.reflect.Method getMethod(java.lang.String,java.lang.Class[])>	<sun.reflect.annotation.AnnotationInvocationHandler: void readObject(java.io.ObjectInputStream)>	<java.util.HashMap: java.lang.Object get(java.lang.Object)>
<sun.reflect.annotation.AnnotationInvocationHandler: void readObject(java.io.ObjectInputStream)> -> <java.lang.Class: java.lang.reflect.Method getMethod(java.lang.String,java.lang.Class[])>	<sun.reflect.annotation.AnnotationInvocationHandler: void readObject(java.io.ObjectInputStream)>	<java.util.HashMap: java.lang.Object put(java.lang.Object,java.lang.Object)>
<sun.reflect.annotation.AnnotationInvocationHandler: void readObject(java.io.ObjectInputStream)> -> <java.lang.Class: java.lang.reflect.Method getMethod(java.lang.String,java.lang.Class[])>	<sun.reflect.annotation.AnnotationInvocationHandler: void readObject(java.io.ObjectInputStream)>	<java.util.SubList$1: java.lang.Object next()>
<sun.reflect.annotation.AnnotationInvocationHandler: void readObject(java.io.ObjectInputStream)> -> <java.lang.Class: java.lang.reflect.Method getMethod(java.lang.String,java.lang.Class[])>	<sun.reflect.annotation.AnnotationInvocationHandler: void readObject(java.io.ObjectInputStream)>	<java.util.Collections$UnmodifiableCollection$1: java.lang.Object next()>
<sun.reflect.annotation.AnnotationInvocationHandler: void readObject(java.io.ObjectInputStream)> -> <java.lang.Class: java.lang.reflect.Method getMethod(java.lang.String,java.lang.Class[])>	<sun.reflect.annotation.AnnotationInvocationHandler: void readObject(java.io.ObjectInputStream)>	<java.util.PrimitiveIterator$OfInt: java.lang.Object next()>
<sun.reflect.annotation.AnnotationInvocationHandler: void readObject(java.io.ObjectInputStream)> -> <java.lang.Class: java.lang.reflect.Method getMethod(java.lang.String,java.lang.Class[])>	<sun.reflect.annotation.AnnotationInvocationHandler: void readObject(java.io.ObjectInputStream)>	<java.util.Collections$UnmodifiableList$1: java.lang.Object next()>
<sun.reflect.annotation.AnnotationInvocationHandler: void readObject(java.io.ObjectInputStream)> -> <java.lang.Class: java.lang.reflect.Method getMethod(java.lang.String,java.lang.Class[])>	<sun.reflect.annotation.AnnotationInvocationHandler: void readObject(java.io.ObjectInputStream)>	<java.util.Collections$UnmodifiableMap$UnmodifiableEntrySet$1: java.lang.Object next()>
<sun.reflect.annotation.AnnotationInvocationHandler: void readObject(java.io.ObjectInputStream)> -> <java.lang.Class: java.lang.reflect.Method getMethod(java.lang.String,java.lang.Class[])>	<sun.reflect.annotation.AnnotationInvocationHandler: void readObject(java.io.ObjectInputStream)>	<java.util.AbstractList$Itr: java.lang.Object next()>
<sun.reflect.annotation.AnnotationInvocationHandler: void readObject(java.io.ObjectInputStream)> -> <java.lang.Class: java.lang.reflect.Method getMethod(java.lang.String,java.lang.Class[])>	<sun.reflect.annotation.AnnotationInvocationHandler: void readObject(java.io.ObjectInputStream)>	<com.google.common.collect.AbstractMapBasedMultimap$WrappedCollection$WrappedIterator: java.lang.Object next()>
<sun.reflect.annotation.AnnotationInvocationHandler: void readObject(java.io.ObjectInputStream)> -> <java.lang.Class: java.lang.reflect.Method getMethod(java.lang.String,java.lang.Class[])>	<sun.reflect.annotation.AnnotationInvocationHandler: void readObject(java.io.ObjectInputStream)>	<java.util.jar.Attributes: java.lang.Object get(java.lang.Object)>
<sun.reflect.annotation.AnnotationInvocationHandler: void readObject(java.io.ObjectInputStream)> -> <java.lang.Class: java.lang.reflect.Method getMethod(java.lang.String,java.lang.Class[])>	<sun.reflect.annotation.AnnotationInvocationHandler: void readObject(java.io.ObjectInputStream)>	<java.util.concurrent.ConcurrentHashMap: java.lang.Object get(java.lang.Object)>
<sun.reflect.annotation.AnnotationInvocationHandler: void readObject(java.io.ObjectInputStream)> -> <java.lang.Class: java.lang.reflect.Method getMethod(java.lang.String,java.lang.Class[])>	<sun.reflect.annotation.AnnotationInvocationHandler: void readObject(java.io.ObjectInputStream)>	<java.util.Hashtable: java.lang.Object get(java.lang.Object)>
<sun.reflect.annotation.AnnotationInvocationHandler: void readObject(java.io.ObjectInputStream)> -> <java.lang.Class: java.lang.reflect.Method getMethod(java.lang.String,java.lang.Class[])>	<sun.reflect.annotation.AnnotationInvocationHandler: void readObject(java.io.ObjectInputStream)>	<java.util.LinkedHashMap: java.lang.Object get(java.lang.Object)>
<sun.reflect.annotation.AnnotationInvocationHandler: void readObject(java.io.ObjectInputStream)> -> <java.lang.Class: java.lang.reflect.Method getMethod(java.lang.String,java.lang.Class[])>	<sun.reflect.annotation.AnnotationInvocationHandler: void readObject(java.io.ObjectInputStream)>	<java.util.TreeMap: java.lang.Object get(java.lang.Object)>
<sun.reflect.annotation.AnnotationInvocationHandler: void readObject(java.io.ObjectInputStream)> -> <java.lang.Class: java.lang.reflect.Method getMethod(java.lang.String,java.lang.Class[])>	<sun.reflect.annotation.AnnotationInvocationHandler: void readObject(java.io.ObjectInputStream)>	<java.util.Collections$SynchronizedMap: java.lang.Object get(java.lang.Object)>
<sun.reflect.annotation.AnnotationInvocationHandler: void readObject(java.io.ObjectInputStream)> -> <java.lang.Class: java.lang.reflect.Method getMethod(java.lang.String,java.lang.Class[])>	<sun.reflect.annotation.AnnotationInvocationHandler: void readObject(java.io.ObjectInputStream)>	<java.util.WeakHashMap: java.lang.Object get(java.lang.Object)>
<sun.reflect.annotation.AnnotationInvocationHandler: void readObject(java.io.ObjectInputStream)> -> <java.lang.Class: java.lang.reflect.Method getMethod(java.lang.String,java.lang.Class[])>	<sun.reflect.annotation.AnnotationInvocationHandler: void readObject(java.io.ObjectInputStream)>	<sun.reflect.annotation.AnnotationType: sun.reflect.annotation.AnnotationType getInstance(java.lang.Class)>
<sun.reflect.annotation.AnnotationInvocationHandler: void readObject(java.io.ObjectInputStream)> -> <java.lang.Class: java.lang.reflect.Method getMethod(java.lang.String,java.lang.Class[])>	<sun.reflect.annotation.AnnotationInvocationHandler: void readObject(java.io.ObjectInputStream)>	<java.text.AttributedString$AttributeMap: java.lang.Object get(java.lang.Object)>
<sun.reflect.annotation.AnnotationInvocationHandler: void readObject(java.io.ObjectInputStream)> -> <java.lang.Class: java.lang.reflect.Method getMethod(java.lang.String,java.lang.Class[])>	<sun.reflect.annotation.AnnotationInvocationHandler: void readObject(java.io.ObjectInputStream)>	<java.io.ObjectInputStream$GetFieldImpl: java.lang.Object get(java.lang.String,java.lang.Object)>
<sun.reflect.annotation.AnnotationInvocationHandler: void readObject(java.io.ObjectInputStream)> -> <java.lang.Class: java.lang.reflect.Method getMethod(java.lang.String,java.lang.Class[])>	<sun.reflect.annotation.AnnotationInvocationHandler: void readObject(java.io.ObjectInputStream)>	<java.util.AbstractMap: java.lang.Object get(java.lang.Object)>
<sun.reflect.annotation.AnnotationInvocationHandler: void readObject(java.io.ObjectInputStream)> -> <java.lang.Class: java.lang.reflect.Method getMethod(java.lang.String,java.lang.Class[])>	<sun.reflect.annotation.AnnotationInvocationHandler: void readObject(java.io.ObjectInputStream)>	<java.security.Provider: java.lang.Object get(java.lang.Object)>
<sun.reflect.annotation.AnnotationInvocationHandler: void readObject(java.io.ObjectInputStream)> -> <java.lang.Class: java.lang.reflect.Method getMethod(java.lang.String,java.lang.Class[])>	<sun.reflect.annotation.AnnotationInvocationHandler: void readObject(java.io.ObjectInputStream)>	<java.text.AttributedString$AttributeMap: java.util.Set entrySet()>
<sun.reflect.annotation.AnnotationInvocationHandler: void readObject(java.io.ObjectInputStream)> -> <java.lang.Class: java.lang.reflect.Method getMethod(java.lang.String,java.lang.Class[])>	<sun.reflect.annotation.AnnotationInvocationHandler: void readObject(java.io.ObjectInputStream)>	<java.io.ObjectInputStream: java.io.ObjectInputStream$GetField readFields()>
<sun.reflect.annotation.AnnotationInvocationHandler: void readObject(java.io.ObjectInputStream)> -> <java.lang.Class: java.lang.reflect.Method getMethod(java.lang.String,java.lang.Class[])>	<sun.reflect.annotation.AnnotationInvocationHandler: void readObject(java.io.ObjectInputStream)>	<sun.font.AttributeMap: java.util.Set entrySet()>
