ROOT	java.util.HashSet	long	serialVersionUID	java.util.HashSet#serialVersionUID
ROOT	java.util.HashSet	java.util.HashMap	map	java.util.HashSet#map
ORDINARY	java.util.HashMap	java.util.Set	entrySet	java.util.HashMap#entrySet
ORDINARY	java.util.HashMap	java.util.HashMap$Node[]	table	java.util.HashMap#table
PRIORITY	java.util.HashMap	float	loadFactor	java.util.HashMap#loadFactor
PRIORITY	java.util.HashMap	float	DEFAULT_LOAD_FACTOR	java.util.HashMap#DEFAULT_LOAD_FACTOR
PRIORITY	java.util.HashMap	int	size	java.util.HashMap#size
PRIORITY	java.util.HashMap	int	modCount	java.util.HashMap#modCount
PRIORITY	java.util.HashMap	int	threshold	java.util.HashMap#threshold
PRIORITY	java.util.HashMap	int	MAXIMUM_CAPACITY	java.util.HashMap#MAXIMUM_CAPACITY
PRIORITY	java.util.HashMap	int	TREEIFY_THRESHOLD	java.util.HashMap#TREEIFY_THRESHOLD
PRIORITY	java.util.HashMap	int	UNTREEIFY_THRESHOLD	java.util.HashMap#UNTREEIFY_THRESHOLD
PRIORITY	java.util.HashMap	int	MIN_TREEIFY_CAPACITY	java.util.HashMap#MIN_TREEIFY_CAPACITY
PRIORITY	java.util.HashMap	int	DEFAULT_INITIAL_CAPACITY	java.util.HashMap#DEFAULT_INITIAL_CAPACITY
PRIORITY	java.util.HashMap	long	serialVersionUID	java.util.HashMap#serialVersionUID
